id,nome_normalizado,nome,sigla,habilitacao,coordenacao_id,grau_id,turno_id,created_at,updated_at
1,ADMINISTRACAO,Administração,,Administração Internacional de Negócios,,1,7,2024-11-12 20:03:28.938296,2024-11-12 20:03:28.938306
2,ADMINISTRACAO,Administração,,Administração Internacional de Negócios,,1,5,2024-11-12 20:03:28.942301,2024-11-12 20:03:28.942308
3,ADMINISTRACAO,Administração,,Administração,,1,7,2024-11-12 20:03:28.946585,2024-11-12 20:03:28.946593
4,ADMINISTRACAO,Administração,,Administração,,1,5,2024-11-12 20:03:28.949840,2024-11-12 20:03:28.949846
5,ADMINISTRACAOPUBLICA,Administração Pública,,Administração Pública,,1,5,2024-11-12 20:03:28.953173,2024-11-12 20:03:28.953179
6,ADMINISTRACAOPUBLICA,Administração Pública,,Administração Pública,,1,1,2024-11-12 20:03:28.956653,2024-11-12 20:03:28.956659
7,AGENTECOMUNITARIODESAUDE,Agente Comunitário de Saúde,,Agente Comunitário de Saúde,,4,3,2024-11-12 20:03:28.960774,2024-11-12 20:03:28.960780
8,AGROECOLOGIA,Agroecologia,,Agroecologia,,6,3,2024-11-12 20:03:28.964429,2024-11-12 20:03:28.964436
9,AGRONOMIA,Agronomia,,Agronomia,,1,8,2024-11-12 20:03:28.968102,2024-11-12 20:03:28.968108
10,ANALISEEDESENVOLVIMENTODESISTEMAS,Análise e Desenvolvimento de Sistemas,,Análise e Desenvolvimento de Sistemas,,6,5,2024-11-12 20:03:28.971418,2024-11-12 20:03:28.971424
11,ANALISEEDESENVOLVIMENTODESISTEMAS,Análise e Desenvolvimento de Sistemas,,Análise e Desenvolvimento de Sistemas,,6,6,2024-11-12 20:03:28.975408,2024-11-12 20:03:28.975414
12,ARQUITETURAEURBANISMO,Arquitetura e Urbanismo,,Arquitetura e Urbanismo,,1,8,2024-11-12 20:03:28.978559,2024-11-12 20:03:28.978565
13,ARTES,Artes,,Artes,,2,3,2024-11-12 20:03:28.981668,2024-11-12 20:03:28.981673
14,ARTESVISUAIS,Artes Visuais,,Artes Visuais,,1,3,2024-11-12 20:03:28.984757,2024-11-12 20:03:28.984762
15,ARTESVISUAIS,Artes Visuais,,Artes Visuais,,2,3,2024-11-12 20:03:28.987879,2024-11-12 20:03:28.987884
16,BIOMEDICINA,Biomedicina,,Biomedicina,,1,8,2024-11-12 20:03:28.990941,2024-11-12 20:03:28.990947
17,BIOTECNOLOGIA,Biotecnologia,,Biotecnologia,,6,5,2024-11-12 20:03:28.994231,2024-11-12 20:03:28.994237
18,CIENCIADACOMPUTACAO,Ciência da Computação,,Ciência da Computação,,1,8,2024-11-12 20:03:28.997531,2024-11-12 20:03:28.997537
19,CIENCIADACOMPUTACAO,Ciência da Computação,,Ciência da Computação,,1,8,2024-11-12 20:03:29.001308,2024-11-12 20:03:29.001314
20,CIENCIASAMBIENTAIS,Ciências Ambientais,,Ciências Ambientais,,1,8,2024-11-12 20:03:29.004571,2024-11-12 20:03:29.004577
21,CIENCIASAMBIENTAIS,Ciências Ambientais,,Ciências Ambientais,,1,8,2024-11-12 20:03:29.008184,2024-11-12 20:03:29.008190
22,CIENCIASBIOLOGICAS,Ciências Biológicas,,Ciências Biológicas,,1,8,2024-11-12 20:03:29.011720,2024-11-12 20:03:29.011727
23,CIENCIASBIOLOGICAS,Ciências Biológicas,,Ciências Biológicas,,1,3,2024-11-12 20:03:29.015521,2024-11-12 20:03:29.015528
24,CIENCIASBIOLOGICAS,Ciências Biológicas,,Ciências Biológicas,,1,7,2024-11-12 20:03:29.019361,2024-11-12 20:03:29.019367
25,CIENCIASBIOLOGICAS,Ciências Biológicas,,Ciências Biológicas,,1,5,2024-11-12 20:03:29.022562,2024-11-12 20:03:29.022567
26,CIENCIASBIOLOGICAS,Ciências Biológicas,,Ciências Biológicas,,2,8,2024-11-12 20:03:29.025715,2024-11-12 20:03:29.025720
27,CIENCIASBIOLOGICAS,Ciências Biológicas,,Ciências Biológicas,,2,3,2024-11-12 20:03:29.028880,2024-11-12 20:03:29.028886
28,CIENCIASBIOLOGICAS,Ciências Biológicas,,Ciências Biológicas,,2,7,2024-11-12 20:03:29.032360,2024-11-12 20:03:29.032366
29,CIENCIASBIOLOGICAS,Ciências Biológicas,,Ciências Biológicas,,2,5,2024-11-12 20:03:29.035315,2024-11-12 20:03:29.035321
30,CIENCIASBIOLOGICAS,Ciências Biológicas,,Ciências Biológicas,,3,8,2024-11-12 20:03:29.042791,2024-11-12 20:03:29.042798
31,CIENCIASBIOLOGICAS,Ciências Biológicas,,Ciências Biológicas,,3,3,2024-11-12 20:03:29.046056,2024-11-12 20:03:29.046062
32,CIENCIASBIOLOGICAS,Ciências Biológicas,,Ciências Biológicas,,3,7,2024-11-12 20:03:29.049787,2024-11-12 20:03:29.049793
33,CIENCIASBIOLOGICAS,Ciências Biológicas,,Ciências Biológicas,,3,5,2024-11-12 20:03:29.052735,2024-11-12 20:03:29.052741
34,CIENCIASCONTABEIS,Ciências Contábeis,,Ciências Contábeis,,1,5,2024-11-12 20:03:29.055784,2024-11-12 20:03:29.055789
35,CIENCIASECONOMICAS,Ciências Econômicas,,Ciências Econômicas,,1,3,2024-11-12 20:03:29.058805,2024-11-12 20:03:29.058811
36,CIENCIASECONOMICAS,Ciências Econômicas,,Ciências Econômicas,,1,7,2024-11-12 20:03:29.062578,2024-11-12 20:03:29.062584
37,CIENCIASEXATAS,Ciências Exatas,,Ciências Exatas,,3,5,2024-11-12 20:03:29.065777,2024-11-12 20:03:29.065783
38,CIENCIASEXATAS,Ciências Exatas,,Física,,2,5,2024-11-12 20:03:29.068597,2024-11-12 20:03:29.068602
39,CIENCIASEXATAS,Ciências Exatas,,Matemática,,2,5,2024-11-12 20:03:29.071734,2024-11-12 20:03:29.071740
40,CIENCIASEXATAS,Ciências Exatas,,Química,,2,5,2024-11-12 20:03:29.074776,2024-11-12 20:03:29.074782
41,CIENCIASEXATASSEGUNDALICENCIATURA,Ciências Exatas (Segunda Licenciatura),,Física,,2,5,2024-11-12 20:03:29.077835,2024-11-12 20:03:29.077840
42,CIENCIASEXATASSEGUNDALICENCIATURA,Ciências Exatas (Segunda Licenciatura),,Matemática,,2,5,2024-11-12 20:03:29.080792,2024-11-12 20:03:29.080797
43,CIENCIASEXATASSEGUNDALICENCIATURA,Ciências Exatas (Segunda Licenciatura),,Química,,2,5,2024-11-12 20:03:29.083745,2024-11-12 20:03:29.083751
44,CIENCIAS,Ciências,,Ciências,,2,5,2024-11-12 20:03:29.087006,2024-11-12 20:03:29.087011
45,CIENCIASSOCIAIS,Ciências Sociais,,Antropologia e Arqueologia,,1,3,2024-11-12 20:03:29.090128,2024-11-12 20:03:29.090133
46,CIENCIASSOCIAIS,Ciências Sociais,,Antropologia e Arqueologia,,1,8,2024-11-12 20:03:29.093554,2024-11-12 20:03:29.093559
47,CIENCIASSOCIAIS,Ciências Sociais,,Ciência Política,,1,3,2024-11-12 20:03:29.096453,2024-11-12 20:03:29.096459
48,CIENCIASSOCIAIS,Ciências Sociais,,Ciência Política,,1,8,2024-11-12 20:03:29.100061,2024-11-12 20:03:29.100067
49,CIENCIASSOCIAIS,Ciências Sociais,,Sociologia,,1,3,2024-11-12 20:03:29.102972,2024-11-12 20:03:29.102977
50,CIENCIASSOCIAIS,Ciências Sociais,,Sociologia,,1,8,2024-11-12 20:03:29.106408,2024-11-12 20:03:29.106413
51,CIENCIASSOCIAIS,Ciências Sociais,,Ciências Sociais,,2,3,2024-11-12 20:03:29.109582,2024-11-12 20:03:29.109588
52,CIENCIASSOCIAIS,Ciências Sociais,,Ciências Sociais,,2,8,2024-11-12 20:03:29.112999,2024-11-12 20:03:29.113004
53,CIENCIASSOCIAIS,Ciências Sociais,,Ciências Sociais,,3,3,2024-11-12 20:03:29.115941,2024-11-12 20:03:29.115947
54,COMPUTACAO,Computação,,Computação,,2,3,2024-11-12 20:03:29.119035,2024-11-12 20:03:29.119040
55,COMPUTACAO,Computação,,Computação,,2,4,2024-11-12 20:03:29.122786,2024-11-12 20:03:29.122792
56,COMPUTACAO,Computação,,Computação,,2,5,2024-11-12 20:03:29.125675,2024-11-12 20:03:29.125680
57,COMPUTACAO,Computação,,Computação,,2,2,2024-11-12 20:03:29.128616,2024-11-12 20:03:29.128621
58,COMUNICACAOINSTITUCIONAL,Comunicação Institucional,,Comunicação Institucional,,6,3,2024-11-12 20:03:29.131958,2024-11-12 20:03:29.131963
59,COMUNICACAOINSTITUCIONAL,Comunicação Institucional,,Comunicação Institucional,,6,8,2024-11-12 20:03:29.135417,2024-11-12 20:03:29.135422
60,COMUNICACAOSOCIAL,Comunicação Social,,Jornalismo,,1,8,2024-11-12 20:03:29.138414,2024-11-12 20:03:29.138420
61,COMUNICACAOSOCIAL,Comunicação Social,,Jornalismo,,1,8,2024-11-12 20:03:29.141980,2024-11-12 20:03:29.141986
62,COMUNICACAOSOCIAL,Comunicação Social,,Publicidade e Propaganda,,1,8,2024-11-12 20:03:29.145018,2024-11-12 20:03:29.145024
63,COMUNICACAOSOCIAL,Comunicação Social,,Publicidade e Propaganda,,1,8,2024-11-12 20:03:29.148367,2024-11-12 20:03:29.148373
64,COMUNICACAOSOCIAL,Comunicação Social,,Relações Públicas,,1,8,2024-11-12 20:03:29.151218,2024-11-12 20:03:29.151223
65,COMUNICACAOSOCIAL,Comunicação Social,,Relações Públicas,,1,8,2024-11-12 20:03:29.154809,2024-11-12 20:03:29.154814
66,DESIGNDEPRODUTO,Design de Produto,,Design de Produto,,1,3,2024-11-12 20:03:29.157802,2024-11-12 20:03:29.157807
67,DESIGNGRAFICO,Design Gráfico,,Design Gráfico,,1,8,2024-11-12 20:03:29.160816,2024-11-12 20:03:29.160822
68,DIREITO,Direito,,Direito das Relações Sociais,,1,3,2024-11-12 20:03:29.163772,2024-11-12 20:03:29.163777
69,DIREITO,Direito,,Direito das Relações Sociais,,1,7,2024-11-12 20:03:29.167193,2024-11-12 20:03:29.167198
70,DIREITO,Direito,,Direito das Relações Sociais,,1,5,2024-11-12 20:03:29.171302,2024-11-12 20:03:29.171309
71,DIREITO,Direito,,Direito do Estado,,1,3,2024-11-12 20:03:29.174391,2024-11-12 20:03:29.174397
72,DIREITO,Direito,,Direito do Estado,,1,7,2024-11-12 20:03:29.178144,2024-11-12 20:03:29.178150
73,DIREITO,Direito,,Teoria do Direito e Direitos Humanos,,1,3,2024-11-12 20:03:29.181016,2024-11-12 20:03:29.181022
74,DIREITO,Direito,,Teoria do Direito e Direitos Humanos,,1,7,2024-11-12 20:03:29.184325,2024-11-12 20:03:29.184330
75,DIREITO,Direito,,Teoria do Direito e Direitos Humanos,,1,5,2024-11-12 20:03:29.187446,2024-11-12 20:03:29.187451
76,EDUCACAODOCAMPO,Educação do Campo,,Ciências da Natureza,,2,8,2024-11-12 20:03:29.190598,2024-11-12 20:03:29.190604
77,EDUCACAOFISICA,Educação Física,,Educação Física,,1,8,2024-11-12 20:03:29.193624,2024-11-12 20:03:29.193629
78,EDUCACAOFISICA,Educação Física,,Educação Física,,2,8,2024-11-12 20:03:29.196506,2024-11-12 20:03:29.196511
79,EDUCACAOFISICA,Educação Física,,Educação Física,,2,5,2024-11-12 20:03:29.199664,2024-11-12 20:03:29.199669
80,ENFERMAGEM,Enfermagem,,Enfermagem,,1,8,2024-11-12 20:03:29.202731,2024-11-12 20:03:29.202737
81,ENFERMAGEM,Enfermagem,,Enfermagem,,3,8,2024-11-12 20:03:29.205625,2024-11-12 20:03:29.205630
82,ENFERMAGEM,Enfermagem,,Enfermagem,,2,8,2024-11-12 20:03:29.208453,2024-11-12 20:03:29.208459
83,ENGENHARIAAGRICOLA,Engenharia Agrícola,,Engenharia Agrícola,,1,8,2024-11-12 20:03:29.211478,2024-11-12 20:03:29.211483
84,ENGENHARIAAGRICOLA,Engenharia Agrícola,,Engenharia Agrícola,,1,3,2024-11-12 20:03:29.214588,2024-11-12 20:03:29.214593
85,ENGENHARIAAGRICOLA,Engenharia Agrícola,,Engenharia Agrícola,,1,8,2024-11-12 20:03:29.217961,2024-11-12 20:03:29.217966
86,ENGENHARIAAMBIENTAL,Engenharia Ambiental,,Engenharia Ambiental,,1,8,2024-11-12 20:03:29.220960,2024-11-12 20:03:29.220965
87,ENGENHARIAAMBIENTALESANITARIA,Engenharia Ambiental e Sanitária,,Engenharia Ambiental e Sanitária,,1,2,2024-11-12 20:03:29.223998,2024-11-12 20:03:29.224004
88,ENGENHARIACARTOGRAFICAEDEAGRIMENSURA,Engenharia Cartográfica e de Agrimensura,,Engenharia Cartográfica e de Agrimensura,,1,8,2024-11-12 20:03:29.227269,2024-11-12 20:03:29.227274
89,ENGENHARIACIVIL,Engenharia Civil,,Engenharia Civil,,1,8,2024-11-12 20:03:29.230217,2024-11-12 20:03:29.230222
90,ENGENHARIACIVIL,Engenharia Civil,,Engenharia Civil,,1,2,2024-11-12 20:03:29.233125,2024-11-12 20:03:29.233131
91,ENGENHARIADEALIMENTOS,Engenharia de Alimentos,,Engenharia de Alimentos,,1,8,2024-11-12 20:03:29.236115,2024-11-12 20:03:29.236120
92,ENGENHARIADEAQUICULTURA,Engenharia de Aquicultura,,Engenharia de Aquicultura,,1,8,2024-11-12 20:03:29.239286,2024-11-12 20:03:29.239291
93,ENGENHARIADEAQUICULTURA,Engenharia de Aquicultura,,Engenharia de Aquicultura,,1,3,2024-11-12 20:03:29.242195,2024-11-12 20:03:29.242200
94,ENGENHARIADEAQUICULTURA,Engenharia de Aquicultura,,Engenharia de Aquicultura,,1,5,2024-11-12 20:03:29.245176,2024-11-12 20:03:29.245182
95,ENGENHARIADEAQUICULTURA,Engenharia de Aquicultura,,Engenharia de Aquicultura,,1,8,2024-11-12 20:03:29.248488,2024-11-12 20:03:29.248493
96,ENGENHARIADEBIOPROCESSOSEBIOTECNOLOGIA,Engenharia de Bioprocessos e Biotecnologia,,Engenharia de Bioprocessos e Biotecnologia,,1,8,2024-11-12 20:03:29.251498,2024-11-12 20:03:29.251503
97,ENGENHARIADEBIOPROCESSOSEBIOTECNOLOGIA,Engenharia de Bioprocessos e Biotecnologia,,Engenharia de Bioprocessos e Biotecnologia,,1,5,2024-11-12 20:03:29.254653,2024-11-12 20:03:29.254658
98,ENGENHARIADEENERGIA,Engenharia de Energia,,Engenharia de Energia,,1,3,2024-11-12 20:03:29.257633,2024-11-12 20:03:29.257639
99,ENGENHARIADEPRODUCAO,Engenharia de Produção,,Engenharia de Produção,,1,8,2024-11-12 20:03:29.260706,2024-11-12 20:03:29.260711
100,ENGENHARIAELETRICA,Engenharia Elétrica,,Eletrônica e Telecomunicações,,1,8,2024-11-12 20:03:29.263715,2024-11-12 20:03:29.263721
101,ENGENHARIAELETRICA,Engenharia Elétrica,,Eletrônica e Telecomunicações,,1,8,2024-11-12 20:03:29.267366,2024-11-12 20:03:29.267371
102,ENGENHARIAELETRICA,Engenharia Elétrica,,Eletrotécnica/Eletrônica e Telecomunicações - Dupla Diplomação,,1,8,2024-11-12 20:03:29.270235,2024-11-12 20:03:29.270240
103,ENGENHARIAELETRICA,Engenharia Elétrica,,Eletrotécnica/Eletrônica e Telecomunicações - Dupla Diplomação,,1,8,2024-11-12 20:03:29.273595,2024-11-12 20:03:29.273600
104,ENGENHARIAELETRICA,Engenharia Elétrica,,Eletrotécnica,,1,8,2024-11-12 20:03:29.276474,2024-11-12 20:03:29.276479
105,ENGENHARIAELETRICA,Engenharia Elétrica,,Eletrotécnica,,1,8,2024-11-12 20:03:29.280085,2024-11-12 20:03:29.280091
106,ENGENHARIAELETRICA,Engenharia Elétrica,,Sistemas Eletrônicos Embarcados - Dupla Diplomação,,1,5,2024-11-12 20:03:29.282989,2024-11-12 20:03:29.282994
107,ENGENHARIAELETRICA,Engenharia Elétrica,,Sistemas Eletrônicos Embarcados - Dupla Diplomação,,1,8,2024-11-12 20:03:29.286317,2024-11-12 20:03:29.286323
108,ENGENHARIAELETRICA,Engenharia Elétrica,,Sistemas Eletrônicos Embarcados,,1,5,2024-11-12 20:03:29.289182,2024-11-12 20:03:29.289187
109,ENGENHARIAELETRICA,Engenharia Elétrica,,Sistemas Eletrônicos Embarcados,,1,8,2024-11-12 20:03:29.292695,2024-11-12 20:03:29.292700
110,ENGENHARIAFLORESTAL,Engenharia Florestal,,Engenharia Florestal,,1,8,2024-11-12 20:03:29.297133,2024-11-12 20:03:29.297139
111,ENGENHARIAINDUSTRIALMADEIREIRA,Engenharia Industrial Madeireira,,Engenharia Industrial Madeireira,,1,5,2024-11-12 20:03:29.300453,2024-11-12 20:03:29.300458
112,ENGENHARIAINDUSTRIALMADEIREIRA,Engenharia Industrial Madeireira,,Engenharia Industrial Madeireira,,1,8,2024-11-12 20:03:29.304546,2024-11-12 20:03:29.304553
113,ENGENHARIAMECANICA,Engenharia Mecânica,,Engenharia Mecânica,,1,8,2024-11-12 20:03:29.308488,2024-11-12 20:03:29.308495
114,ENGENHARIAMECANICA,Engenharia Mecânica,,Engenharia Mecânica,,1,5,2024-11-12 20:03:29.311918,2024-11-12 20:03:29.311925
115,ENGENHARIAMECANICA,Engenharia Mecânica,,Engenharia Mecânica,,1,8,2024-11-12 20:03:29.316240,2024-11-12 20:03:29.316247
116,ENGENHARIAQUIMICA,Engenharia Química,,Engenharia Química,,1,8,2024-11-12 20:03:29.320902,2024-11-12 20:03:29.320910
117,ESTATISTICA,Estatística,,Estatística,,1,8,2024-11-12 20:03:29.324919,2024-11-12 20:03:29.324926
118,ESTATISTICA,Estatística,,Estatística,,1,5,2024-11-12 20:03:29.328341,2024-11-12 20:03:29.328346
119,ESTATISTICA,Estatística,,Estatística,,1,8,2024-11-12 20:03:29.332142,2024-11-12 20:03:29.332148
120,EXPRESSAOGRAFICA,Expressão Gráfica,,Expressão Gráfica,,1,8,2024-11-12 20:03:29.335459,2024-11-12 20:03:29.335464
121,EXPRESSAOGRAFICA,Expressão Gráfica,,Expressão Gráfica,,1,3,2024-11-12 20:03:29.338356,2024-11-12 20:03:29.338361
122,EXPRESSAOGRAFICA,Expressão Gráfica,,Expressão Gráfica,,1,8,2024-11-12 20:03:29.341770,2024-11-12 20:03:29.341776
123,FARMACIA,Farmácia,,Farmácia,,1,8,2024-11-12 20:03:29.345198,2024-11-12 20:03:29.345204
124,FILOSOFIA,Filosofia,,Filosofia,,1,3,2024-11-12 20:03:29.348314,2024-11-12 20:03:29.348319
125,FILOSOFIA,Filosofia,,Filosofia,,1,8,2024-11-12 20:03:29.351660,2024-11-12 20:03:29.351666
126,FILOSOFIA,Filosofia,,Filosofia,,1,7,2024-11-12 20:03:29.355294,2024-11-12 20:03:29.355299
127,FILOSOFIA,Filosofia,,Filosofia,,1,8,2024-11-12 20:03:29.359200,2024-11-12 20:03:29.359205
128,FILOSOFIA,Filosofia,,Filosofia,,3,3,2024-11-12 20:03:29.362278,2024-11-12 20:03:29.362283
129,FILOSOFIA,Filosofia,,Filosofia,,3,7,2024-11-12 20:03:29.365723,2024-11-12 20:03:29.365728
130,FILOSOFIA,Filosofia,,Filosofia,,2,3,2024-11-12 20:03:29.368689,2024-11-12 20:03:29.368694
131,FILOSOFIA,Filosofia,,Filosofia,,2,7,2024-11-12 20:03:29.372034,2024-11-12 20:03:29.372040
132,FILOSOFIA,Filosofia,,Filosofia,,2,8,2024-11-12 20:03:29.376116,2024-11-12 20:03:29.376122
133,FISICA,Física,,Física,,1,3,2024-11-12 20:03:29.379292,2024-11-12 20:03:29.379298
134,FISICA,Física,,Física,,1,7,2024-11-12 20:03:29.382986,2024-11-12 20:03:29.382992
135,FISICA,Física,,Física,,1,8,2024-11-12 20:03:29.386940,2024-11-12 20:03:29.386946
136,FISICA,Física,,Física,,2,7,2024-11-12 20:03:29.390520,2024-11-12 20:03:29.390526
137,FISICA,Física,,Física,,2,8,2024-11-12 20:03:29.394338,2024-11-12 20:03:29.394343
138,FISICA,Física,,Física,,2,5,2024-11-12 20:03:29.397261,2024-11-12 20:03:29.397266
139,FISIOTERAPIA,Fisioterapia,,Fisioterapia,,1,8,2024-11-12 20:03:29.400474,2024-11-12 20:03:29.400479
140,GEOGRAFIA,Geografia,,Geografia,,1,7,2024-11-12 20:03:29.403864,2024-11-12 20:03:29.403869
141,GEOGRAFIA,Geografia,,Geografia,,3,7,2024-11-12 20:03:29.407166,2024-11-12 20:03:29.407172
142,GEOGRAFIA,Geografia,,Geografia,,2,7,2024-11-12 20:03:29.410721,2024-11-12 20:03:29.410726
143,GEOGRAFIA,Geografia,,Geografia,,2,5,2024-11-12 20:03:29.413606,2024-11-12 20:03:29.413611
144,GEOLOGIA,Geologia,,Geologia,,1,8,2024-11-12 20:03:29.416681,2024-11-12 20:03:29.416687
145,GESTAOAMBIENTAL,Gestão Ambiental,,Gestão Ambiental,,1,3,2024-11-12 20:03:29.419742,2024-11-12 20:03:29.419747
146,GESTAOAMBIENTAL,Gestão Ambiental,,Gestão Ambiental,,1,8,2024-11-12 20:03:29.423309,2024-11-12 20:03:29.423314
147,GESTAOCULTURAL,Gestão Cultural,,Gestão Cultural,,6,1,2024-11-12 20:03:29.426366,2024-11-12 20:03:29.426371
148,GESTAODAINFORMACAO,Gestão da Informação,,Gestão da Informação,,1,3,2024-11-12 20:03:29.430743,2024-11-12 20:03:29.430748
149,GESTAODAQUALIDADE,Gestão da Qualidade,,Gestão da Qualidade,,6,5,2024-11-12 20:03:29.434083,2024-11-12 20:03:29.434088
150,GESTAODETURISMO,Gestão de Turismo,,Gestão de Turismo,,6,5,2024-11-12 20:03:29.437553,2024-11-12 20:03:29.437559
151,GESTAOEEMPREENDEDORISMO,Gestão e Empreendedorismo,,Gestão e Empreendedorismo,,1,5,2024-11-12 20:03:29.440636,2024-11-12 20:03:29.440642
152,GESTAOIMOBILIARIA,Gestão Imobiliária,,Gestão Imobiliária,,6,5,2024-11-12 20:03:29.443745,2024-11-12 20:03:29.443751
153,GESTAOPUBLICA,Gestão Pública,,Gestão Pública,,1,5,2024-11-12 20:03:29.446844,2024-11-12 20:03:29.446849
154,GESTAOPUBLICA,Gestão Pública,,Gestão Pública,,1,8,2024-11-12 20:03:29.450580,2024-11-12 20:03:29.450585
155,GESTAOPUBLICA,Gestão Pública,,Gestão Pública,,6,5,2024-11-12 20:03:29.453479,2024-11-12 20:03:29.453485
156,HISTORIA,História,,História,,1,4,2024-11-12 20:03:29.457182,2024-11-12 20:03:29.457187
157,HISTORIA,História,,História,,1,2,2024-11-12 20:03:29.460163,2024-11-12 20:03:29.460168
158,HISTORIA,História,,História,,3,4,2024-11-12 20:03:29.463521,2024-11-12 20:03:29.463526
159,HISTORIA,História,,História,,3,2,2024-11-12 20:03:29.466386,2024-11-12 20:03:29.466392
160,HISTORIA,História,,História,,2,4,2024-11-12 20:03:29.470316,2024-11-12 20:03:29.470322
161,HISTORIA,História,,História,,2,2,2024-11-12 20:03:29.473450,2024-11-12 20:03:29.473456
162,HISTORIAMEMORIAEIMAGEM,História - Memória e Imagem,,História - Memória e Imagem,,1,5,2024-11-12 20:03:29.476865,2024-11-12 20:03:29.476872
163,INFORMATICABIOMEDICA,Informática Biomédica,,Informática Biomédica,,1,8,2024-11-12 20:03:29.480380,2024-11-12 20:03:29.480387
164,INFORMATICAECIDADANIA,Informática e Cidadania,,Informática e Cidadania,,1,5,2024-11-12 20:03:29.484018,2024-11-12 20:03:29.484023
165,JORNALISMO,Jornalismo,,Jornalismo,,1,8,2024-11-12 20:03:29.487538,2024-11-12 20:03:29.487545
166,LETRASFRANCES,Letras - Francês,,Estudos linguísticos em Francês,,1,7,2024-11-12 20:03:29.491508,2024-11-12 20:03:29.491515
167,LETRASFRANCES,Letras - Francês,,Estudos linguísticos em Francês,,1,5,2024-11-12 20:03:29.495061,2024-11-12 20:03:29.495070
168,LETRASFRANCES,Letras - Francês,,Estudos literários em Francês,,1,7,2024-11-12 20:03:29.498760,2024-11-12 20:03:29.498766
169,LETRASFRANCES,Letras - Francês,,Estudos literários em Francês,,1,5,2024-11-12 20:03:29.501872,2024-11-12 20:03:29.501878
170,LETRASFRANCES,Letras - Francês,,Francês,,1,7,2024-11-12 20:03:29.505373,2024-11-12 20:03:29.505379
171,LETRASFRANCES,Letras - Francês,,Francês,,1,5,2024-11-12 20:03:29.509430,2024-11-12 20:03:29.509437
172,LETRASFRANCES,Letras - Francês,,Letras - Francês,,2,7,2024-11-12 20:03:29.514371,2024-11-12 20:03:29.514379
173,LETRASFRANCES,Letras - Francês,,Letras - Francês,,2,5,2024-11-12 20:03:29.517990,2024-11-12 20:03:29.517997
174,LETRASINGLES,Letras - Inglês,,Estudos linguísticos em Inglês,,1,7,2024-11-12 20:03:29.522391,2024-11-12 20:03:29.522398
175,LETRASINGLES,Letras - Inglês,,Estudos linguísticos em Inglês,,1,5,2024-11-12 20:03:29.525590,2024-11-12 20:03:29.525595
176,LETRASINGLES,Letras - Inglês,,Estudos literários em Inglês,,1,7,2024-11-12 20:03:29.529180,2024-11-12 20:03:29.529185
177,LETRASINGLES,Letras - Inglês,,Estudos literários em Inglês,,1,5,2024-11-12 20:03:29.532211,2024-11-12 20:03:29.532217
178,LETRASINGLES,Letras - Inglês,,Letras - Inglês,,2,3,2024-11-12 20:03:29.535462,2024-11-12 20:03:29.535468
179,LETRASINGLES,Letras - Inglês,,Letras - Inglês,,2,7,2024-11-12 20:03:29.538868,2024-11-12 20:03:29.538873
180,LETRASINGLES,Letras - Inglês,,Letras - Inglês,,2,5,2024-11-12 20:03:29.541841,2024-11-12 20:03:29.541847
181,LETRASITALIANO,Letras - Italiano,,Italiano,,2,3,2024-11-12 20:03:29.544996,2024-11-12 20:03:29.545002
182,LETRASITALIANO,Letras - Italiano,,Italiano,,2,7,2024-11-12 20:03:29.548634,2024-11-12 20:03:29.548639
183,LETRASJAPONES,Letras - Japonês,,Letras - Japonês,,1,7,2024-11-12 20:03:29.552114,2024-11-12 20:03:29.552120
184,LETRASJAPONES,Letras - Japonês,,Letras - Japonês,,1,5,2024-11-12 20:03:29.555022,2024-11-12 20:03:29.555027
185,LETRASJAPONES,Letras - Japonês,,Letras - Japonês,,3,7,2024-11-12 20:03:29.558629,2024-11-12 20:03:29.558644
186,LETRASJAPONES,Letras - Japonês,,Letras - Japonês,,2,7,2024-11-12 20:03:29.561908,2024-11-12 20:03:29.561914
187,LETRASJAPONES,Letras - Japonês,,Letras - Japonês,,2,5,2024-11-12 20:03:29.566760,2024-11-12 20:03:29.566765
188,LETRASLIBRAS,Letras - Libras,,Letras - Libras,,2,5,2024-11-12 20:03:29.569959,2024-11-12 20:03:29.569964
189,LETRASPARFOR,Letras - ParFor,,Português e/ou Alemão e/ou Grego e/ou Latim,,2,5,2024-11-12 20:03:29.573074,2024-11-12 20:03:29.573079
190,LETRASPOLONES,Letras - Polonês,,Letras - Polonês,,1,7,2024-11-12 20:03:29.576898,2024-11-12 20:03:29.576903
191,LETRASPOLONES,Letras - Polonês,,Letras - Polonês,,1,5,2024-11-12 20:03:29.579886,2024-11-12 20:03:29.579892
192,LETRASPOLONES,Letras - Polonês,,Letras - Polonês,,3,7,2024-11-12 20:03:29.583342,2024-11-12 20:03:29.583348
193,LETRASPOLONES,Letras - Polonês,,Letras - Polonês,,2,7,2024-11-12 20:03:29.587071,2024-11-12 20:03:29.587077
194,LETRASPOLONES,Letras - Polonês,,Letras - Polonês,,2,5,2024-11-12 20:03:29.589981,2024-11-12 20:03:29.589986
195,LETRASPORTUGUES,Letras - Português,,Estudos linguísticos em Português,,1,3,2024-11-12 20:03:29.593018,2024-11-12 20:03:29.593024
196,LETRASPORTUGUES,Letras - Português,,Estudos linguísticos em Português,,1,7,2024-11-12 20:03:29.596626,2024-11-12 20:03:29.596631
197,LETRASPORTUGUES,Letras - Português,,Estudos linguísticos em Português,,1,5,2024-11-12 20:03:29.599612,2024-11-12 20:03:29.599618
198,LETRASPORTUGUES,Letras - Português,,Estudos literários em Português,,1,3,2024-11-12 20:03:29.602528,2024-11-12 20:03:29.602533
199,LETRASPORTUGUES,Letras - Português,,Estudos literários em Português,,1,7,2024-11-12 20:03:29.605902,2024-11-12 20:03:29.605907
200,LETRASPORTUGUES,Letras - Português,,Estudos literários em Português,,1,5,2024-11-12 20:03:29.608980,2024-11-12 20:03:29.608985
201,LETRASPORTUGUES,Letras - Português,,Português,,1,3,2024-11-12 20:03:29.611929,2024-11-12 20:03:29.611934
202,LETRASPORTUGUES,Letras - Português,,Português,,1,7,2024-11-12 20:03:29.615347,2024-11-12 20:03:29.615352
203,LETRASPORTUGUES,Letras - Português,,Português,,1,5,2024-11-12 20:03:29.618288,2024-11-12 20:03:29.618293
204,LETRASPORTUGUESEALEMAO,Letras - Português e Alemão,,Português e Alemão,,2,3,2024-11-12 20:03:29.621583,2024-11-12 20:03:29.621589
205,LETRASPORTUGUESEALEMAO,Letras - Português e Alemão,,Português e Alemão,,2,7,2024-11-12 20:03:29.624966,2024-11-12 20:03:29.624972
206,LETRASPORTUGUESEESPANHOL,Letras - Português e Espanhol,,Português e Espanhol,,2,3,2024-11-12 20:03:29.627975,2024-11-12 20:03:29.627980
207,LETRASPORTUGUESEESPANHOL,Letras - Português e Espanhol,,Português e Espanhol,,2,7,2024-11-12 20:03:29.631639,2024-11-12 20:03:29.631644
208,LETRASPORTUGUESEFRANCES,Letras - Português e Francês,,Português e Francês,,2,7,2024-11-12 20:03:29.635203,2024-11-12 20:03:29.635208
209,LETRASPORTUGUESEFRANCES,Letras - Português e Francês,,Português e Francês,,2,5,2024-11-12 20:03:29.638105,2024-11-12 20:03:29.638110
210,LETRASPORTUGUESEJAPONES,Letras - Português e Japonês,,Português e Japonês,,2,7,2024-11-12 20:03:29.641871,2024-11-12 20:03:29.641876
211,LETRASPORTUGUESEJAPONES,Letras - Português e Japonês,,Português e Japonês,,2,5,2024-11-12 20:03:29.644843,2024-11-12 20:03:29.644849
212,LETRASPORTUGUESEOUALEMAOEOUGREGOEOULATIM,Letras - Português e/ou Alemão e/ou Grego e/ou Latim,,Estudos da tradução em Latim,,1,3,2024-11-12 20:03:29.647915,2024-11-12 20:03:29.647921
213,LETRASPORTUGUESEOUALEMAOEOUGREGOEOULATIM,Letras - Português e/ou Alemão e/ou Grego e/ou Latim,,Estudos da tradução em Latim,,1,7,2024-11-12 20:03:29.651579,2024-11-12 20:03:29.651585
214,LETRASPORTUGUESEOUALEMAOEOUGREGOEOULATIM,Letras - Português e/ou Alemão e/ou Grego e/ou Latim,,Estudos da tradução em Português e Alemão,,1,3,2024-11-12 20:03:29.654545,2024-11-12 20:03:29.654550
215,LETRASPORTUGUESEOUALEMAOEOUGREGOEOULATIM,Letras - Português e/ou Alemão e/ou Grego e/ou Latim,,Estudos da tradução em Português e Alemão,,1,7,2024-11-12 20:03:29.658010,2024-11-12 20:03:29.658015
216,LETRASPORTUGUESEOUALEMAOEOUGREGOEOULATIM,Letras - Português e/ou Alemão e/ou Grego e/ou Latim,,Estudos da tradução em Português e Grego,,1,3,2024-11-12 20:03:29.661154,2024-11-12 20:03:29.661159
217,LETRASPORTUGUESEOUALEMAOEOUGREGOEOULATIM,Letras - Português e/ou Alemão e/ou Grego e/ou Latim,,Estudos da tradução em Português e Grego,,1,7,2024-11-12 20:03:29.664594,2024-11-12 20:03:29.664600
218,LETRASPORTUGUESEOUALEMAOEOUGREGOEOULATIM,Letras - Português e/ou Alemão e/ou Grego e/ou Latim,,Estudos linguísticos em Alemão,,1,3,2024-11-12 20:03:29.667562,2024-11-12 20:03:29.667567
219,LETRASPORTUGUESEOUALEMAOEOUGREGOEOULATIM,Letras - Português e/ou Alemão e/ou Grego e/ou Latim,,Estudos linguísticos em Alemão,,1,7,2024-11-12 20:03:29.670975,2024-11-12 20:03:29.670980
220,LETRASPORTUGUESEOUALEMAOEOUGREGOEOULATIM,Letras - Português e/ou Alemão e/ou Grego e/ou Latim,,Estudos linguísticos em Grego,,1,3,2024-11-12 20:03:29.674078,2024-11-12 20:03:29.674083
221,LETRASPORTUGUESEOUALEMAOEOUGREGOEOULATIM,Letras - Português e/ou Alemão e/ou Grego e/ou Latim,,Estudos linguísticos em Grego,,1,7,2024-11-12 20:03:29.677481,2024-11-12 20:03:29.677486
222,LETRASPORTUGUESEOUALEMAOEOUGREGOEOULATIM,Letras - Português e/ou Alemão e/ou Grego e/ou Latim,,Estudos linguísticos em Latim,,1,3,2024-11-12 20:03:29.680393,2024-11-12 20:03:29.680398
223,LETRASPORTUGUESEOUALEMAOEOUGREGOEOULATIM,Letras - Português e/ou Alemão e/ou Grego e/ou Latim,,Estudos linguísticos em Latim,,1,7,2024-11-12 20:03:29.684084,2024-11-12 20:03:29.684090
224,LETRASPORTUGUESEOUALEMAOEOUGREGOEOULATIM,Letras - Português e/ou Alemão e/ou Grego e/ou Latim,,Estudos linguísticos em Português e Alemão,,1,3,2024-11-12 20:03:29.687288,2024-11-12 20:03:29.687294
225,LETRASPORTUGUESEOUALEMAOEOUGREGOEOULATIM,Letras - Português e/ou Alemão e/ou Grego e/ou Latim,,Estudos linguísticos em Português e Alemão,,1,7,2024-11-12 20:03:29.692470,2024-11-12 20:03:29.692476
226,LETRASPORTUGUESEOUALEMAOEOUGREGOEOULATIM,Letras - Português e/ou Alemão e/ou Grego e/ou Latim,,Estudos linguísticos em Português e Grego,,1,3,2024-11-12 20:03:29.695687,2024-11-12 20:03:29.695693
227,LETRASPORTUGUESEOUALEMAOEOUGREGOEOULATIM,Letras - Português e/ou Alemão e/ou Grego e/ou Latim,,Estudos linguísticos em Português e Grego,,1,7,2024-11-12 20:03:29.699220,2024-11-12 20:03:29.699226
228,LETRASPORTUGUESEOUALEMAOEOUGREGOEOULATIM,Letras - Português e/ou Alemão e/ou Grego e/ou Latim,,Estudos literários em Alemão,,1,3,2024-11-12 20:03:29.702451,2024-11-12 20:03:29.702463
229,LETRASPORTUGUESEOUALEMAOEOUGREGOEOULATIM,Letras - Português e/ou Alemão e/ou Grego e/ou Latim,,Estudos literários em Alemão,,1,7,2024-11-12 20:03:29.705899,2024-11-12 20:03:29.705904
230,LETRASPORTUGUESEOUALEMAOEOUGREGOEOULATIM,Letras - Português e/ou Alemão e/ou Grego e/ou Latim,,Estudos literários em Grego,,1,3,2024-11-12 20:03:29.708967,2024-11-12 20:03:29.708972
231,LETRASPORTUGUESEOUALEMAOEOUGREGOEOULATIM,Letras - Português e/ou Alemão e/ou Grego e/ou Latim,,Estudos literários em Grego,,1,7,2024-11-12 20:03:29.712763,2024-11-12 20:03:29.712768
232,LETRASPORTUGUESEOUALEMAOEOUGREGOEOULATIM,Letras - Português e/ou Alemão e/ou Grego e/ou Latim,,Estudos literários em Latim,,1,3,2024-11-12 20:03:29.715697,2024-11-12 20:03:29.715702
233,LETRASPORTUGUESEOUALEMAOEOUGREGOEOULATIM,Letras - Português e/ou Alemão e/ou Grego e/ou Latim,,Estudos literários em Latim,,1,7,2024-11-12 20:03:29.719175,2024-11-12 20:03:29.719181
234,LETRASPORTUGUESEOUALEMAOEOUGREGOEOULATIM,Letras - Português e/ou Alemão e/ou Grego e/ou Latim,,Estudos literários em Português e Alemão,,1,3,2024-11-12 20:03:29.722579,2024-11-12 20:03:29.722585
235,LETRASPORTUGUESEOUALEMAOEOUGREGOEOULATIM,Letras - Português e/ou Alemão e/ou Grego e/ou Latim,,Estudos literários em Português e Alemão,,1,7,2024-11-12 20:03:29.726158,2024-11-12 20:03:29.726164
236,LETRASPORTUGUESEOUALEMAOEOUGREGOEOULATIM,Letras - Português e/ou Alemão e/ou Grego e/ou Latim,,Estudos Literários em Português e Grego,,1,3,2024-11-12 20:03:29.729173,2024-11-12 20:03:29.729178
237,LETRASPORTUGUESEOUALEMAOEOUGREGOEOULATIM,Letras - Português e/ou Alemão e/ou Grego e/ou Latim,,Estudos Literários em Português e Grego,,1,7,2024-11-12 20:03:29.732882,2024-11-12 20:03:29.732888
238,LETRASPORTUGUESEOUALEMAOEOUGREGOEOULATIM,Letras - Português e/ou Alemão e/ou Grego e/ou Latim,,Estudos literários em Português e Latim,,1,3,2024-11-12 20:03:29.735852,2024-11-12 20:03:29.735857
239,LETRASPORTUGUESEOUALEMAOEOUGREGOEOULATIM,Letras - Português e/ou Alemão e/ou Grego e/ou Latim,,Estudos literários em Português e Latim,,1,7,2024-11-12 20:03:29.739370,2024-11-12 20:03:29.739376
240,LETRASPORTUGUESEOUALEMAOEOUGREGOEOULATIM,Letras - Português e/ou Alemão e/ou Grego e/ou Latim,,Latim,,1,3,2024-11-12 20:03:29.742393,2024-11-12 20:03:29.742398
241,LETRASPORTUGUESEOUALEMAOEOUGREGOEOULATIM,Letras - Português e/ou Alemão e/ou Grego e/ou Latim,,Latim,,1,7,2024-11-12 20:03:29.746156,2024-11-12 20:03:29.746162
242,LETRASPORTUGUESEOUALEMAOEOUGREGOEOULATIMEOUESPANHOL,Letras - Português e/ou Alemão e/ou Grego e/ou Latim e/ou Espanhol,,Português e Alemão,,1,3,2024-11-12 20:03:29.749320,2024-11-12 20:03:29.749325
243,LETRASPORTUGUESEOUALEMAOEOUGREGOEOULATIMEOUESPANHOL,Letras - Português e/ou Alemão e/ou Grego e/ou Latim e/ou Espanhol,,Português e Alemão,,1,7,2024-11-12 20:03:29.752712,2024-11-12 20:03:29.752718
244,LETRASPORTUGUESEOUALEMAOEOUGREGOEOULATIMEOUESPANHOL,Letras - Português e/ou Alemão e/ou Grego e/ou Latim e/ou Espanhol,,Português e Espanhol,,1,3,2024-11-12 20:03:29.755971,2024-11-12 20:03:29.755976
245,LETRASPORTUGUESEOUALEMAOEOUGREGOEOULATIMEOUESPANHOL,Letras - Português e/ou Alemão e/ou Grego e/ou Latim e/ou Espanhol,,Português e Espanhol,,1,7,2024-11-12 20:03:29.759404,2024-11-12 20:03:29.759410
246,LETRASPORTUGUESEOUALEMAOEOUGREGOEOULATIMEOUESPANHOL,Letras - Português e/ou Alemão e/ou Grego e/ou Latim e/ou Espanhol,,Português e Grego,,1,3,2024-11-12 20:03:29.762292,2024-11-12 20:03:29.762297
247,LETRASPORTUGUESEOUALEMAOEOUGREGOEOULATIMEOUESPANHOL,Letras - Português e/ou Alemão e/ou Grego e/ou Latim e/ou Espanhol,,Português e Grego,,1,7,2024-11-12 20:03:29.766073,2024-11-12 20:03:29.766079
248,LETRASPORTUGUESEOUALEMAOEOUGREGOEOULATIMEOUESPANHOL,Letras - Português e/ou Alemão e/ou Grego e/ou Latim e/ou Espanhol,,Português e Latim,,1,3,2024-11-12 20:03:29.769017,2024-11-12 20:03:29.769023
249,LETRASPORTUGUESEOUALEMAOEOUGREGOEOULATIMEOUESPANHOL,Letras - Português e/ou Alemão e/ou Grego e/ou Latim e/ou Espanhol,,Português e Latim,,1,7,2024-11-12 20:03:29.772397,2024-11-12 20:03:29.772402
250,LETRASPORTUGUESEOUALEMAOEOUGREGOEOULATIMEOUESPANHOL,Letras - Português e/ou Alemão e/ou Grego e/ou Latim e/ou Espanhol,,Português e/ou Alemão e/ou Grego e/ou Latim e/ou Espanhol,,3,7,2024-11-12 20:03:29.776178,2024-11-12 20:03:29.776183
251,LETRASPORTUGUESEOUALEMAOEOUGREGOEOULATIM,Letras - Português e/ou Alemão e/ou Grego e/ou Latim,,Alemão,,2,3,2024-11-12 20:03:29.779090,2024-11-12 20:03:29.779095
252,LETRASPORTUGUESEOUALEMAOEOUGREGOEOULATIM,Letras - Português e/ou Alemão e/ou Grego e/ou Latim,,Alemão,,2,7,2024-11-12 20:03:29.782493,2024-11-12 20:03:29.782498
253,LETRASPORTUGUESEOUALEMAOEOUGREGOEOULATIM,Letras - Português e/ou Alemão e/ou Grego e/ou Latim,,Português e Alemão,,2,3,2024-11-12 20:03:29.785642,2024-11-12 20:03:29.785647
254,LETRASPORTUGUESEOUALEMAOEOUGREGOEOULATIM,Letras - Português e/ou Alemão e/ou Grego e/ou Latim,,Português e Alemão,,2,7,2024-11-12 20:03:29.789095,2024-11-12 20:03:29.789101
255,LETRASPORTUGUESEOUESPANHOL,Letras - Português e/ou Espanhol,,Estudos da tradução em Português e Espanhol,,1,3,2024-11-12 20:03:29.792184,2024-11-12 20:03:29.792189
256,LETRASPORTUGUESEOUESPANHOL,Letras - Português e/ou Espanhol,,Estudos da tradução em Português e Espanhol,,1,7,2024-11-12 20:03:29.795560,2024-11-12 20:03:29.795565
257,LETRASPORTUGUESEOUESPANHOL,Letras - Português e/ou Espanhol,,Estudos linguísticos em Espanhol,,1,3,2024-11-12 20:03:29.798704,2024-11-12 20:03:29.798709
258,LETRASPORTUGUESEOUESPANHOL,Letras - Português e/ou Espanhol,,Estudos linguísticos em Espanhol,,1,7,2024-11-12 20:03:29.802052,2024-11-12 20:03:29.802057
259,LETRASPORTUGUESEOUESPANHOL,Letras - Português e/ou Espanhol,,Estudos linguísticos em Português e Espanhol,,1,3,2024-11-12 20:03:29.804930,2024-11-12 20:03:29.804935
260,LETRASPORTUGUESEOUESPANHOL,Letras - Português e/ou Espanhol,,Estudos linguísticos em Português e Espanhol,,1,7,2024-11-12 20:03:29.808299,2024-11-12 20:03:29.808304
261,LETRASPORTUGUESEOUESPANHOL,Letras - Português e/ou Espanhol,,Estudos literários em Espanhol,,1,3,2024-11-12 20:03:29.811378,2024-11-12 20:03:29.811383
262,LETRASPORTUGUESEOUESPANHOL,Letras - Português e/ou Espanhol,,Estudos literários em Espanhol,,1,7,2024-11-12 20:03:29.816175,2024-11-12 20:03:29.816181
263,LETRASPORTUGUESEOUESPANHOL,Letras - Português e/ou Espanhol,,Estudos literários em Português e Espanhol,,1,3,2024-11-12 20:03:29.819370,2024-11-12 20:03:29.819375
264,LETRASPORTUGUESEOUESPANHOL,Letras - Português e/ou Espanhol,,Estudos literários em Português e Espanhol,,1,7,2024-11-12 20:03:29.823259,2024-11-12 20:03:29.823265
265,LETRASPORTUGUESEOUESPANHOL,Letras - Português e/ou Espanhol,,Letras - Português e/ou Espanhol,,3,7,2024-11-12 20:03:29.826712,2024-11-12 20:03:29.826717
266,LETRASPORTUGUESEOUESPANHOL,Letras - Português e/ou Espanhol,,Espanhol,,2,3,2024-11-12 20:03:29.829626,2024-11-12 20:03:29.829631
267,LETRASPORTUGUESEOUESPANHOL,Letras - Português e/ou Espanhol,,Espanhol,,2,7,2024-11-12 20:03:29.833367,2024-11-12 20:03:29.833373
268,LETRASPORTUGUESEOUINGLES,Letras - Português e/ou Inglês,,Estudos da tradução em Português e Inglês,,1,3,2024-11-12 20:03:29.836535,2024-11-12 20:03:29.836540
269,LETRASPORTUGUESEOUINGLES,Letras - Português e/ou Inglês,,Estudos da tradução em Português e Inglês,,1,7,2024-11-12 20:03:29.840153,2024-11-12 20:03:29.840159
270,LETRASPORTUGUESEOUINGLES,Letras - Português e/ou Inglês,,Estudos linguísticos em Inglês,,1,3,2024-11-12 20:03:29.843134,2024-11-12 20:03:29.843139
271,LETRASPORTUGUESEOUINGLES,Letras - Português e/ou Inglês,,Estudos linguísticos em Inglês,,1,7,2024-11-12 20:03:29.846574,2024-11-12 20:03:29.846579
272,LETRASPORTUGUESEOUINGLES,Letras - Português e/ou Inglês,,Estudos linguísticos em Português e Inglês,,1,3,2024-11-12 20:03:29.849517,2024-11-12 20:03:29.849522
273,LETRASPORTUGUESEOUINGLES,Letras - Português e/ou Inglês,,Estudos linguísticos em Português e Inglês,,1,7,2024-11-12 20:03:29.853216,2024-11-12 20:03:29.853221
274,LETRASPORTUGUESEOUINGLES,Letras - Português e/ou Inglês,,Estudos Literários em Inglês,,1,3,2024-11-12 20:03:29.856150,2024-11-12 20:03:29.856155
275,LETRASPORTUGUESEOUINGLES,Letras - Português e/ou Inglês,,Estudos Literários em Inglês,,1,7,2024-11-12 20:03:29.859572,2024-11-12 20:03:29.859577
276,LETRASPORTUGUESEOUINGLES,Letras - Português e/ou Inglês,,Estudos literários em Português e Inglês,,1,3,2024-11-12 20:03:29.862485,2024-11-12 20:03:29.862490
277,LETRASPORTUGUESEOUINGLES,Letras - Português e/ou Inglês,,Estudos literários em Português e Inglês,,1,7,2024-11-12 20:03:29.866109,2024-11-12 20:03:29.866114
278,LETRASPORTUGUESEOUINGLES,Letras - Português e/ou Inglês,,Letras - Português e/ou Inglês,,2,3,2024-11-12 20:03:29.869017,2024-11-12 20:03:29.869022
279,LETRASPORTUGUESEOUINGLES,Letras - Português e/ou Inglês,,Letras - Português e/ou Inglês,,2,7,2024-11-12 20:03:29.872564,2024-11-12 20:03:29.872569
280,LETRASPORTUGUESEOUITALIANO,Letras - Português e/ou Italiano,,Estudos da tradução em Português e Italiano,,1,3,2024-11-12 20:03:29.875718,2024-11-12 20:03:29.875723
281,LETRASPORTUGUESEOUITALIANO,Letras - Português e/ou Italiano,,Estudos da tradução em Português e Italiano,,1,7,2024-11-12 20:03:29.879156,2024-11-12 20:03:29.879162
282,LETRASPORTUGUESEOUITALIANO,Letras - Português e/ou Italiano,,Estudos linguísticos em Italiano,,1,3,2024-11-12 20:03:29.882106,2024-11-12 20:03:29.882111
283,LETRASPORTUGUESEOUITALIANO,Letras - Português e/ou Italiano,,Estudos linguísticos em Italiano,,1,7,2024-11-12 20:03:29.885781,2024-11-12 20:03:29.885786
284,LETRASPORTUGUESEOUITALIANO,Letras - Português e/ou Italiano,,Estudos linguísticos em Português e Italiano,,1,3,2024-11-12 20:03:29.888714,2024-11-12 20:03:29.888720
285,LETRASPORTUGUESEOUITALIANO,Letras - Português e/ou Italiano,,Estudos linguísticos em Português e Italiano,,1,7,2024-11-12 20:03:29.892330,2024-11-12 20:03:29.892338
286,LETRASPORTUGUESEOUITALIANO,Letras - Português e/ou Italiano,,Estudos literários em Italiano,,1,3,2024-11-12 20:03:29.895327,2024-11-12 20:03:29.895332
287,LETRASPORTUGUESEOUITALIANO,Letras - Português e/ou Italiano,,Estudos literários em Italiano,,1,7,2024-11-12 20:03:29.898728,2024-11-12 20:03:29.898733
288,LETRASPORTUGUESEOUITALIANO,Letras - Português e/ou Italiano,,Estudos literários em Português e Italiano,,1,3,2024-11-12 20:03:29.901620,2024-11-12 20:03:29.901626
289,LETRASPORTUGUESEOUITALIANO,Letras - Português e/ou Italiano,,Estudos literários em Português e Italiano,,1,7,2024-11-12 20:03:29.905307,2024-11-12 20:03:29.905312
290,LETRASPORTUGUESEOUITALIANO,Letras - Português e/ou Italiano,,Português e/ou Italiano,,3,7,2024-11-12 20:03:29.908815,2024-11-12 20:03:29.908820
291,LETRASPORTUGUESEOUITALIANO,Letras - Português e/ou Italiano,,Letras - Português e/ou Italiano,,2,3,2024-11-12 20:03:29.911723,2024-11-12 20:03:29.911728
292,LETRASPORTUGUESEOUITALIANO,Letras - Português e/ou Italiano,,Letras - Português e/ou Italiano,,2,7,2024-11-12 20:03:29.915428,2024-11-12 20:03:29.915434
293,LETRASPORTUGUESEPOLONES,Letras - Português e Polonês,,Português e Polonês,,2,7,2024-11-12 20:03:29.919039,2024-11-12 20:03:29.919044
294,LETRASPORTUGUESEPOLONES,Letras - Português e Polonês,,Português e Polonês,,2,5,2024-11-12 20:03:29.921959,2024-11-12 20:03:29.921964
295,LETRASPORTUGUES,Letras - Português,,Letras - Português,,3,7,2024-11-12 20:03:29.925551,2024-11-12 20:03:29.925556
296,LETRASPORTUGUES,Letras - Português,,Letras - Português,,2,3,2024-11-12 20:03:29.928483,2024-11-12 20:03:29.928488
297,LETRASPORTUGUES,Letras - Português,,Letras - Português,,2,7,2024-11-12 20:03:29.931873,2024-11-12 20:03:29.931878
298,LETRASPORTUGUES,Letras - Português,,Letras - Português,,2,5,2024-11-12 20:03:29.934747,2024-11-12 20:03:29.934752
299,LINGUAGEMECOMUNICACAO,Linguagem e Comunicação,,Linguagem e Comunicação,,2,5,2024-11-12 20:03:29.939282,2024-11-12 20:03:29.939288
300,LUTERIA,Luteria,,Luteria,,6,8,2024-11-12 20:03:29.942677,2024-11-12 20:03:29.942683
301,MATEMATICA,Matemática,,Matemática,,1,2,2024-11-12 20:03:29.945806,2024-11-12 20:03:29.945812
302,MATEMATICA,Matemática,,Matemática,,1,6,2024-11-12 20:03:29.949488,2024-11-12 20:03:29.949493
303,MATEMATICAINDUSTRIAL,Matemática Industrial,,Matemática Industrial,,1,2,2024-11-12 20:03:29.952606,2024-11-12 20:03:29.952612
304,MATEMATICA,Matemática,,Matemática,,3,6,2024-11-12 20:03:29.956017,2024-11-12 20:03:29.956022
305,MATEMATICA,Matemática,,Matemática,,2,2,2024-11-12 20:03:29.959007,2024-11-12 20:03:29.959252
306,MATEMATICA,Matemática,,Matemática,,2,6,2024-11-12 20:03:29.962679,2024-11-12 20:03:29.962684
307,MEDICINA,Medicina,,Medicina,,1,8,2024-11-12 20:03:29.965675,2024-11-12 20:03:29.965680
308,MEDICINAVETERINARIA,Medicina Veterinária,,Medicina Veterinária,,1,8,2024-11-12 20:03:29.968950,2024-11-12 20:03:29.968957
309,MUSICA,Música,,Música,,1,2,2024-11-12 20:03:29.972628,2024-11-12 20:03:29.972634
310,MUSICA,Música,,Música,,1,8,2024-11-12 20:03:29.976284,2024-11-12 20:03:29.976291
311,MUSICA,Música,,Música,,2,8,2024-11-12 20:03:29.979581,2024-11-12 20:03:29.979587
312,MUSICA,Música,,Música,,2,2,2024-11-12 20:03:29.982801,2024-11-12 20:03:29.982807
313,MUSICA,Música,,Música,,2,8,2024-11-12 20:03:29.986887,2024-11-12 20:03:29.986894
314,NEGOCIOSIMOBILIARIOS,Negócios Imobiliários,,Negócios Imobiliários,,6,5,2024-11-12 20:03:29.990433,2024-11-12 20:03:29.990449
315,NUTRICAO,Nutrição,,Nutrição,,1,8,2024-11-12 20:03:29.993910,2024-11-12 20:03:29.993916
316,OCEANOGRAFIA,Oceanografia,,Oceanografia,,1,8,2024-11-12 20:03:29.997216,2024-11-12 20:03:29.997221
317,ODONTOLOGIA,Odontologia,,Odontologia,,1,8,2024-11-12 20:03:30.000892,2024-11-12 20:03:30.000899
318,PEDAGOGIA,Pedagogia,,Pedagogia,,2,3,2024-11-12 20:03:30.004035,2024-11-12 20:03:30.004041
319,PEDAGOGIA,Pedagogia,,Pedagogia,,2,7,2024-11-12 20:03:30.007459,2024-11-12 20:03:30.007465
320,PEDAGOGIA,Pedagogia,,Pedagogia,,2,8,2024-11-12 20:03:30.011665,2024-11-12 20:03:30.011671
321,PEDAGOGIA,Pedagogia,,Pedagogia,,2,1,2024-11-12 20:03:30.014557,2024-11-12 20:03:30.014562
322,PETROLEOEGAS,Petróleo e Gás,,Petróleo e Gás,,5,8,2024-11-12 20:03:30.017749,2024-11-12 20:03:30.017754
323,PETROLEOEGAS,Petróleo e Gás,,Petróleo e Gás,,5,3,2024-11-12 20:03:30.021075,2024-11-12 20:03:30.021081
324,PRODUCAOCENICA,Produção Cênica,,Produção Cênica,,6,5,2024-11-12 20:03:30.024175,2024-11-12 20:03:30.024180
325,PRODUCAOCULTURAL,Produção Cultural,,Produção Cultural,,1,3,2024-11-12 20:03:30.027252,2024-11-12 20:03:30.027257
326,PSICOLOGIA,Psicologia,,Formação de Psicólogo,,1,8,2024-11-12 20:03:30.030264,2024-11-12 20:03:30.030269
327,PUBLICIDADEEPROPAGANDA,Publicidade e Propaganda,,Publicidade e Propaganda,,1,8,2024-11-12 20:03:30.033686,2024-11-12 20:03:30.033692
328,QUIMICA,Química,,Química,,1,8,2024-11-12 20:03:30.036739,2024-11-12 20:03:30.036744
329,QUIMICA,Química,,Química,,1,8,2024-11-12 20:03:30.040170,2024-11-12 20:03:30.040176
330,QUIMICA,Química,,Química,,3,8,2024-11-12 20:03:30.043083,2024-11-12 20:03:30.043088
331,QUIMICA,Química,,Química,,3,8,2024-11-12 20:03:30.046701,2024-11-12 20:03:30.046706
332,QUIMICA,Química,,Química,,2,8,2024-11-12 20:03:30.049594,2024-11-12 20:03:30.049599
333,QUIMICA,Química,,Química,,2,5,2024-11-12 20:03:30.052462,2024-11-12 20:03:30.052467
334,QUIMICA,Química,,Química,,2,8,2024-11-12 20:03:30.055821,2024-11-12 20:03:30.055826
335,RELACOESPUBLICAS,Relações Públicas,,Relações Públicas,,1,8,2024-11-12 20:03:30.059108,2024-11-12 20:03:30.059114
336,SAUDECOLETIVA,Saúde Coletiva,,Saúde Coletiva,,1,3,2024-11-12 20:03:30.062187,2024-11-12 20:03:30.062192
337,SECRETARIADO,Secretariado,,Secretariado,,6,5,2024-11-12 20:03:30.065178,2024-11-12 20:03:30.065183
338,SERVICOSOCIAL,Serviço Social,,Serviço Social,,1,5,2024-11-12 20:03:30.069717,2024-11-12 20:03:30.069724
339,TERAPIAOCUPACIONAL,Terapia Ocupacional,,Terapia Ocupacional,,1,8,2024-11-12 20:03:30.074421,2024-11-12 20:03:30.074428
340,TERAPIAOCUPACIONAL,Terapia Ocupacional,,Terapia Ocupacional,,1,5,2024-11-12 20:03:30.077830,2024-11-12 20:03:30.077836
341,TERAPIAOCUPACIONAL,Terapia Ocupacional,,Terapia Ocupacional,,1,8,2024-11-12 20:03:30.081227,2024-11-12 20:03:30.081232
342,TURISMO,Turismo,,Turismo,,1,3,2024-11-12 20:03:30.084605,2024-11-12 20:03:30.084610
343,TURISMO,Turismo,,Turismo,,1,7,2024-11-12 20:03:30.088070,2024-11-12 20:03:30.088075
344,TURISMO,Turismo,,Turismo,,1,5,2024-11-12 20:03:30.091038,2024-11-12 20:03:30.091043
345,ZOOTECNIA,Zootecnia,,Zootecnia,,1,8,2024-11-12 20:03:30.094026,2024-11-12 20:03:30.094031
